id,fligthid,Name Frist,Name Last
1,6,Inessa,Laneham
2,22,Seline,Guillart
3,30,Susanna,Mulrenan
4,4,Cesaro,Eynon
5,25,Parrnell,Goolden
6,10,Sashenka,Berka
7,23,Kimberlyn,Lynagh
8,27,Hew,Neward
9,1,Manuel,Stutely
10,4,Lenard,Farnsworth
11,7,Martie,Prosh
12,25,Ashlie,Vasiltsov
13,18,Stanford,Kemmet
14,1,Marlee,Sprowson
15,2,Perceval,MacFaell
16,9,Cherise,Boost
17,10,Debora,Southam
18,14,Cristobal,Dimic
19,19,Lavena,Andrag
20,14,Erich,Garnar
21,26,Ariel,Hatton
22,19,Leonora,Armal
23,4,Jamal,MacConnulty
24,12,Yevette,Mangeot
25,16,Gelya,Goodby
26,24,Felic,Pengilly
27,13,Shayne,O'Geneay
28,7,Reece,Piecha
29,20,Junette,Beacock
30,16,Tillie,Phillp
31,2,Koralle,Massey
32,23,Loralyn,Amesbury
33,29,Ollie,D'Ugo
34,15,Noni,Duligall
35,6,Evangelia,Lines
36,1,Elias,Prevett
37,8,Delora,Cornfoot
38,25,Claresta,Werendell
39,2,Charis,McTurley
40,23,Willi,Cockshtt
41,19,Anett,Wallach
42,18,Tomaso,Poltone
43,1,Elvis,Rojas
44,10,Constance,Morican
45,8,Simona,Schimoni
46,26,Harman,Pecey
47,5,Peri,Meates
48,20,Rana,Durston
49,13,Adorne,Kinsell
50,16,Geri,Ashness
51,25,Letta,Yakunkin
52,8,Gloriane,Sharphouse
53,4,Rene,Buckby
54,3,Clarence,Guerreau
55,5,Maximilianus,Sinisbury
56,24,Florentia,Duffell
57,28,Catlee,Duncan
58,14,Stevie,Phelip
59,6,Nissie,Giovanardi
60,9,Roseline,Christou
61,26,Clair,Bittlestone
62,9,Karlens,Gabbott
63,24,Pernell,Izhaky
64,25,Jacqui,Fillgate
65,25,Linnell,Clinch
66,12,Wilhelm,Iacovino
67,27,Berk,Camolli
68,25,Meryl,Riggott
69,2,Tammy,McNalley
70,20,Mahalia,Rodear
71,14,Cleveland,Tweed
72,7,Haley,Zotto
73,30,Perry,Colleford
74,11,Alexandros,Jacobsen
75,13,Jo,Bumphrey
76,20,Wenonah,Landman
77,2,Ryann,Dolby
78,25,Martin,Lossman
79,27,Brinn,Gimenez
80,9,Arielle,Richfield
81,3,Kenyon,Shotboulte
82,21,Jolie,Mazillius
83,9,Madelene,Turfrey
84,12,Jenine,Walesby
85,13,Shannah,Henze
86,8,Vera,Hawkey
87,17,Cathryn,Towers
88,25,Christian,Louisot
89,5,Bertha,Lere
90,5,Chlo,Sharman
91,2,Philip,Dytham
92,29,Alexis,Tincey
93,22,Kermit,Trevon
94,30,Virge,O'Beirne
95,11,Marylou,Haley
96,28,Kurt,Lacrouts
97,23,Cesare,Kienl
98,21,Venus,M'Quhan
99,9,Kean,Whewill
100,22,Hamilton,Iredell
101,7,Oswald,Lindenman
102,15,Killy,Rodenhurst
103,12,Corina,de Nore
104,18,Stephannie,Longcaster
105,18,Shaina,Vorley
106,12,Dionne,Blasiak
107,10,Dacey,Haruard
108,7,Scotti,Walaron
109,7,Libbie,Arton
110,27,Ewell,Garrud
111,6,Raf,Dominey
112,8,Ingemar,Chese
113,3,Adaline,Micka
114,25,Cecile,Mart
115,16,Renato,Mayhou
116,2,Aloysia,Rois
117,21,Sargent,Pues
118,27,Lula,Greir
119,17,Glynda,Grindle
120,14,Hyacinthe,Del Dello
121,1,Calli,Roizn
122,22,Artur,Cheer
123,3,Addia,Jurkiewicz
124,21,Pammi,Clipson
125,7,Ryon,Broomhall
126,17,Gunar,Luetkemeyers
127,21,Cyndia,Emblin
128,11,Sully,Jeaneau
129,3,Eimile,Hammett
130,7,Melina,Vedeneev
131,20,Lissie,Ragdale
132,24,Othelia,Boxer
133,2,Illa,Hassall
134,13,Amitie,Ramshaw
135,10,Linnell,Blazhevich
136,8,Tyrone,Juckes
137,5,Leticia,Mountlow
138,4,Shaun,Pratten
139,11,Stefa,Ream
140,13,Del,Shortall
141,11,Kaspar,Lytlle
142,8,Ursula,Ballchin
143,6,Reina,Gaywood
144,9,Arv,Cavanaugh
145,2,Kincaid,Stendall
146,17,Dosi,Tunkin
147,9,Llywellyn,While
148,9,Engracia,Gyse
149,15,Justinian,Sanderson
150,1,Junette,Lissett
151,15,Britteny,Crellim
152,13,Eduardo,Thying
153,25,Ginger,Glanz
154,3,Conny,O'Neil
155,19,Cristen,Hapke
156,18,Samantha,Thackston
157,8,Warner,Devlin
158,19,Sharity,Tschierse
159,10,Cassie,Askin
160,26,Abby,Iannetti
161,17,Farlie,Guerreiro
162,17,Gillan,McCarle
163,22,Kerri,Birnie
164,7,Siegfried,Iacovelli
165,10,Vincenz,Banham
166,20,Natassia,Bosket
167,22,Darsey,Chase
168,10,Vikky,Kinnon
169,19,Pancho,Casellas
170,8,Jorrie,Hiorn
171,27,Bevon,Hassur
172,17,Gilda,Vispo
173,10,Hildagarde,Lyddon
174,22,Linell,Grisley
175,16,Corinne,Jori
176,26,Hillard,Mickelwright
177,21,Eddy,Whoolehan
178,30,Gerhardine,Pessel
179,13,Say,Hambridge
180,28,Janean,Sarginson
181,27,Anabella,Trayling
182,20,Phyllis,Youings
183,3,Nevins,Endean
184,24,York,Tams
185,21,Kipper,Cowlishaw
186,4,Bernarr,Petrescu
187,7,Bee,Grigson
188,5,Jamaal,Itzhaki
189,27,Mandel,Dampier
190,15,Der,Gothup
191,7,Beitris,Heyns
192,29,Filip,Brito
193,25,Rik,Ruskin
194,13,Albert,Golling
195,2,Vivie,Briar
196,29,Tulley,Drakeley
197,19,Lenna,Castelluzzi
198,5,Roderigo,Lawford
199,1,Rodger,Veque
200,30,Ugo,Swainston
201,25,Gerick,Girdlestone
202,29,Fred,Burridge
203,1,Gates,Joannic
204,6,Dorian,Agnolo
205,24,Ham,Caddie
206,25,Hayward,Gelly
207,1,Toiboid,Farrants
208,7,Patten,Sayburn
209,20,Delbert,Hullins
210,19,Raffarty,D'Adamo
211,18,Cathee,Sponer
212,2,Marylou,Marde
213,15,Anabel,Mayger
214,10,Hester,Kinchin
215,18,Flore,Sine
216,24,Bud,Huxtable
217,2,Lura,Pappi
218,29,Salvatore,Mongain
219,25,Thornton,Bruin
220,25,Moselle,Leverett
221,9,Rossy,Chown
222,29,Sybila,Seamans
223,4,Philipa,Yetts
224,3,Jaquenetta,Gatteridge
225,9,Phaidra,Fortnon
226,27,Selina,Banks
227,18,Cordelia,Derrett
228,3,Theresa,Dreossi
229,28,Tanhya,McGaughay
230,27,Pierson,Balding
231,19,Vicky,Coles
232,17,Donica,Ekell
233,25,Pier,Bunting
234,14,Chrissie,Rau
235,6,Alikee,Lyffe
236,17,Natalie,Woodyer
237,21,Allie,Clemow
238,4,Kelvin,Aitkin
239,15,Raquela,Milam
240,17,Odetta,Vigors
241,13,Robin,Petrus
242,14,Erv,Mattusov
243,8,Stesha,Simeoni
244,14,Crista,Rubenczyk
245,13,Baryram,Seagrave
246,28,Shawnee,Le Brom
247,1,Sib,Essam
248,11,Vivie,Bathoe
249,14,Anabel,Lashbrook
250,22,Rozamond,Sprouls
251,14,Maritsa,Mackinder
252,2,Stern,Proger
253,11,Vasilis,Corrington
254,28,Lem,Westfield
255,25,Ax,Hardage
256,12,Orv,Cordova
257,19,Claiborn,Veldstra
258,5,Damien,Silcocks
259,22,Luis,Frany
260,18,Brandais,Ludovici
261,1,Horacio,Antonsson
262,10,Janela,Dadd
263,17,Leland,Sponer
264,19,Paige,Bovingdon
265,25,Harbert,Mohammad
266,22,Giselle,Fogt
267,16,Ferdinanda,Bergeon
268,12,Atalanta,Stanney
269,14,Agustin,Mulliss
270,11,Carter,Brothwell
271,10,Craggie,Librey
272,10,Aloise,Bassano
273,4,Raleigh,Sesser
274,18,Marci,Croley
275,19,Willy,De Giorgi
276,18,Benny,Harbisher
277,24,Cthrine,Camelli
278,28,Clayson,Fordy
279,6,Merrily,Bakey
280,29,Vanni,Heine
281,23,Wren,Godbold
282,29,Sherlocke,Triggel
283,21,Brigham,Bowery
284,24,Amery,Bleazard
285,20,Loralyn,Giles
286,7,Em,O'Shee
287,29,Wadsworth,Gawthrop
288,8,Clemmie,Cordeix
289,16,Quintin,Startin
290,10,Danella,Woodhall
291,23,Colleen,Antham
292,15,Meggi,Giamelli
293,4,Bel,Fletcher
294,27,De,Pattullo
295,2,Eliot,Ladbrooke
296,24,Britni,Jaray
297,24,Powell,MacVanamy
298,11,Purcell,Clery
299,11,Cissy,Tassell
300,9,Karney,Sirrell
301,24,Aprilette,Reedy
302,13,Boonie,Fane
303,12,Luella,Mattersley
304,1,Penny,Bassett
305,2,Kassie,Brabbs
306,8,Webb,Astbury
307,16,Francklin,Janodet
308,7,Luce,Jostan
309,15,Teri,Stoppard
310,14,Augie,Zupone
311,29,Sonnie,Abrashkin
312,16,Erek,Tyrone
313,14,Lynn,Blundon
314,9,Val,Hunnawill
315,19,Norry,Huyton
316,12,Julina,Eloy
317,17,Mandy,Vanyashin
318,9,Michail,Corradino
319,23,Harriet,McAlinden
320,3,Mattie,Daniely
321,24,Ivette,Micah
322,16,Libby,Rontsch
323,24,Burr,Ticic
324,20,Rosanna,Ateggart
325,7,Carolina,Buzza
326,6,Marshall,Bwye
327,17,Angelina,Bold
328,2,Farly,Strelitz
329,11,Pyotr,Dowman
330,8,Newton,McGreal
331,2,Bruce,Presidey
332,28,Toni,Tremonte
333,14,Wendel,Firks
334,24,Ferguson,Franckton
335,8,Gregorio,Cresser
336,6,Gustavo,Cussen
337,8,Raoul,Trineman
338,29,Barri,Staves
339,3,Jeff,Hellard
340,27,Kirsteni,Vasiliev
341,24,Fredelia,MacCarrane
342,17,Wilhelmine,Lukock
343,1,Avis,Coumbe
344,22,Jerrylee,Mellody
345,28,Dawn,Clementson
346,8,Jeffy,Irnys
347,17,Ricoriki,Pikesley
348,30,Cornela,McGrowther
349,7,Barris,Cleator
350,16,Carr,Yu
351,26,Trixy,Geldart
352,18,Dinny,Bischop
353,11,Kingsly,Volage
354,22,Wilburt,Weigh
355,16,Fin,Winny
356,23,Maurene,Bills
357,3,Beckie,Hindenberger
358,9,Ingram,Crownshaw
359,24,Erik,Zimmerman
360,26,Larina,Delph
361,1,Elly,Cardenosa
362,20,Charles,Szachniewicz
363,25,Elisha,Bignall
364,25,Josee,Vakhlov
365,23,Ursuline,Hoys
366,7,Caprice,Dibling
367,5,Benetta,Tallis
368,22,Rania,Pounsett
369,9,Charmian,Ballin
370,19,Meryl,Bridgen
371,4,Gustie,Cominoli
372,3,Blinni,Glasheen
373,1,Ken,Butland
374,10,Selinda,Eymer
375,28,Larry,Saurat
376,6,Hoebart,Drew-Clifton
377,21,Mirabella,Vigars
378,20,Bryan,Allred
379,24,Isak,O'Shevlan
380,5,Lesli,Giffin
381,20,Dugald,Rosewall
382,2,Ahmed,Brisbane
383,2,Kasper,Danne
384,1,Heda,Capeling
385,25,Whit,Lanfranchi
386,7,Renae,Brundale
387,5,Gasparo,Sneyd
388,13,Myles,Christauffour
389,15,Bernadine,Franchi
390,28,Clemmie,Hamilton
391,19,Martynne,Cambden
392,20,Christin,Rilston
393,29,Kathi,Bagley
394,16,Hanna,Lyfield
395,29,Llywellyn,Roff
396,18,Scarlett,Tonge
397,30,Pammie,Ingledow
398,22,Cinda,Pumfrey
399,22,Berne,Bofield
400,14,Cecile,Tidbald
401,3,Joane,Brockbank
402,30,Benjie,Duncanson
403,9,Celinda,Crecy
404,14,Ami,Swynley
405,7,Renado,Mcimmie
406,25,Gilberto,Di Franceschi
407,19,Lidia,Van Haeften
408,3,Leonanie,Messom
409,26,Myrwyn,Bleaden
410,18,Kristofor,Gettens
411,24,Malachi,Gowdie
412,11,Marabel,Workes
413,1,Elsie,Lemanu
414,24,Dill,Richardes
415,18,Rene,Hasser
416,9,Petronella,Knight
417,25,Hinda,Abramski
418,10,Lew,Lindberg
419,10,Ava,Rawstorn
420,11,Shana,Broek
421,25,Alistair,Chitham
422,8,Moina,Grabbam
423,1,Averil,Bramelt
424,22,Nobe,Burge
425,30,Ulrika,Burkman
426,28,Meir,Biasi
427,23,Jilleen,Singers
428,19,Shelbi,Polly
429,21,Haley,Gillings
430,25,Kermit,Hullock
431,29,Giacinta,Sobtka
432,13,Cacilie,Krzyzowski
433,17,Lorry,Narducci
434,18,Cornie,Murrhaupt
435,1,Gayla,Groven
436,30,Rad,Willerton
437,11,Suzette,Chattock
438,7,Nicolai,MacDonagh
439,20,Piotr,Breffit
440,13,Garnette,Creaser
441,15,Richart,Burrett
442,22,Gwenore,Refford
443,7,Parke,Cahan
444,17,Rudd,Izzatt
445,2,Cobbie,Kyttor
446,22,Gabriellia,Keady
447,27,Ignace,Hussy
448,6,Aimil,Denes
449,10,Gilberta,Whitticks
450,12,Teri,Ladds
451,18,Alphonso,Minette
452,15,Helaine,Dumbrall
453,1,Tessi,Vassay
454,20,Kyrstin,Yurkiewicz
455,22,Augusta,Labbe
456,21,Katusha,Piscotti
457,7,Rubin,Donhardt
458,21,Mathian,Maccrea
459,29,Ignacio,Pessel
460,19,Odelia,Ludy
461,13,Cooper,Giddy
462,25,Georgianna,Rosewarne
463,28,Nada,Bakesef
464,17,Tamiko,Leece
465,30,Berny,Kingsman
466,21,Dev,Ledford
467,4,Porty,Schriren
468,8,Elaine,Bernath
469,16,Merry,Joskovitch
470,9,Wendel,Curman
471,23,Barnabe,Castanho
472,28,Alane,Benettolo
473,26,Jenine,Huffer
474,5,Remy,Gaunter
475,24,Calvin,Keston
476,12,Meris,Gaughan
477,25,Thayne,Revington
478,20,Francine,Blaasch
479,2,Martainn,Lembrick
480,12,Caralie,Couldwell
481,29,Baxie,Greenrodd
482,11,Delphine,Biss
483,11,Corry,Van den Dael
484,20,Jojo,Meininking
485,27,Nicholas,Kohrding
486,9,Hubie,Penman
487,3,Cheslie,Bathow
488,9,Nichole,Belton
489,25,Milty,Swiggs
490,25,Adey,Bertenshaw
491,1,Marijn,Clace
492,25,Agna,Haps
493,6,Carlene,Kimble
494,3,Adiana,Fumagalli
495,13,Derwin,Zavattero
496,11,Sterne,Livesey
497,9,Alonzo,Jerke
498,22,Millie,Ennever
499,15,Hadley,Meddemmen
500,15,Rutger,Wanek
501,5,Carlin,Schulke
502,24,Charlie,Woolpert
503,2,Sandor,Ciobotaro
504,14,Garrot,Robinette
505,3,Kayla,Pinks
506,19,Timotheus,Coulsen
507,9,Westley,Pimbley
508,9,Jacinda,Mouncher
509,29,Ben,Mockes
510,16,Allen,Lantaph
511,10,Chan,Moisey
512,11,Leupold,Overel
513,3,Yehudit,Riley
514,21,Romonda,Heck
515,24,Gilberto,Ormesher
516,15,Emogene,Scoyne
517,12,Benito,Defond
518,25,Ancell,Mallia
519,18,Ricard,Spring
520,26,Mab,Raynham
521,25,Antons,Jimmes
522,18,Sapphira,Matchell
523,28,Raimondo,Caitlin
524,15,Grover,Gue
525,3,Adore,Giuron
526,28,Tracee,Waterland
527,14,Derek,Worboys
528,15,Jerad,Dechelette
529,14,Jerrylee,Pratt
530,3,Ned,Stoggell
531,6,Bart,Dorre
532,8,Corrine,Vasler
533,11,Newton,Colaton
534,29,Mignonne,Wallsworth
535,26,Nananne,Brazel
536,19,Lanny,Sainte Paul
537,15,Claresta,Crufts
538,2,Lorinda,Trudgion
539,4,Henka,Flory
540,30,Tuck,Disbrey
541,15,Peyter,Duffield
542,14,Mar,MacGlory
543,24,Constanta,Fellgate
544,28,Horton,Massimo
545,24,Josey,Jillions
546,2,Ivory,Canty
547,14,Celina,Lohering
548,20,Artemas,Lope
549,7,Euphemia,Osant
550,30,Millisent,Pounds
551,24,Marian,Seneschal
552,25,Angelique,Higgoe
553,4,Hugh,MacGillivray
554,14,Niccolo,Dowdeswell
555,4,Shari,Roly
556,6,Derron,Kemmet
557,29,Raddy,Michin
558,15,Christiane,Nisard
559,15,Flori,Le Bosse
560,7,Kerrie,Greves
561,2,Lebbie,Liddyard
562,17,Ricoriki,Magee
563,7,Vally,Schimke
564,19,Flint,Jebb
565,10,Mal,Jakovijevic
566,24,Donall,Lincke
567,4,Wallis,Seed
568,5,Franni,Whitta
569,6,Dave,Buttrey
570,20,Moritz,Beumant
571,28,Karoline,McSkeagan
572,26,Annora,Melluish
573,13,Pansie,Schimank
574,1,Berny,Soughton
575,12,Celina,Beaney
576,22,Nani,Morgue
577,30,Paolina,Honniebal
578,14,Heddi,Caulkett
579,3,Freida,Humm
580,4,Matthus,Ianetti
581,13,Ilsa,Coogan
582,2,Viva,Birkinshaw
583,1,Morgana,Tringham
584,17,Nikita,Olenikov
585,10,Robby,Guppy
586,5,Drew,Drakers
587,12,Shelbi,Roggerone
588,23,Charlotta,Poile
589,14,Ephrem,Ponsford
590,26,Gay,Trunby
591,9,Xylia,Barbrook
592,9,Mada,Sueter
593,28,Cecilia,Seymer
594,16,Channa,Crawford
595,16,Bibbie,Batecok
596,27,Jamaal,Linstead
597,13,Wilbert,Truter
598,5,Jehanna,Mutlow
599,21,Baudoin,Alkin
600,27,Claudine,Lethardy
601,7,Maynord,Bartoszewicz
602,6,Pepillo,Rablan
603,1,Winnifred,Eldered
604,11,Georgy,Cartmail
605,14,Drugi,Lantuff
606,19,Nadia,Maccrie
607,3,Nomi,Hachard
608,1,Billi,Collingwood
609,26,Indira,Korba
610,12,Karlen,Gritskov
611,6,Chad,Stather
612,21,Brandyn,Kelk
613,17,Carling,Sterrie
614,21,Lorri,Lacroix
615,30,Salim,Devote
616,18,Cass,Ferrieri
617,29,Trescha,Meneghi
618,17,Blayne,Fenning
619,14,Carilyn,Livens
620,25,Teresina,Joffe
621,24,Agnese,Castelin
622,12,Aldwin,Cussen
623,8,Mirna,Gamble
624,10,Georgiana,Saddleton
625,28,Hastings,Waltho
626,14,Leone,Gooder
627,15,Percival,Tomkiss
628,12,Kaylee,Poyntz
629,19,Hazlett,de Castelain
630,5,Alleen,Mash
631,11,Padraig,Doram
632,12,Amery,Kesten
633,21,Devlin,Handrock
634,2,Dory,Shippam
635,30,Brion,Toffoletto
636,25,Cortney,Butterworth
637,30,Elvyn,Rawood
638,30,Crichton,Kausche
639,25,Denny,Kieff
640,14,Valida,Bonnet
641,22,Nadeen,McHale
642,19,Dyana,Espino
643,19,Tris,Skerman
644,10,Pincus,Jacketts
645,16,Annmarie,Geffe
646,30,Celinda,Clemencon
647,30,Valentino,Audsley
648,3,Gertrudis,Gotter
649,23,Ebony,Garthshore
650,29,Norma,Bogey
651,20,Harmony,Frend
652,21,Robenia,Woodberry
653,11,Temple,Szreter
654,7,Jorie,Coetzee
655,10,Tiffany,Broadwell
656,10,Sibley,Sudell
657,14,Claudio,Keepe
658,26,Timmie,Klemke
659,18,Cherise,Shrimplin
660,10,Tudor,Smithe
661,16,Lizabeth,Blaby
662,16,Sargent,Petschel
663,13,Lucius,Dengel
664,23,Willamina,Primo
665,27,Conway,Jantot
666,27,Margaretha,Hallawell
667,5,Gwenneth,Bastistini
668,14,Nathan,Greatex
669,11,Brenn,Kirsz
670,4,Vinni,Aucott
671,11,Ramsay,Wippermann
672,23,Lennie,O'Mullaney
673,8,Findley,Berrick
674,1,Jessika,Dartan
675,2,Elia,Trillow
676,9,Silva,Spenceley
677,27,Shannon,Walsh
678,3,Lilian,Blasoni
679,7,Brianne,Bulpitt
680,10,Ilyssa,Skunes
681,11,Guthrey,Gauntlett
682,14,Klemens,Pickerell
683,21,Hermina,Linsley
684,27,Van,Carp
685,3,Huey,Brixey
686,8,Agustin,Dick
687,17,Stevy,Derisley
688,9,Zolly,Barents
689,20,Cull,Naulls
690,22,Glynis,Nurcombe
691,16,Dennison,Almeida
692,26,Ramon,Grieswood
693,11,Tadd,Mattheissen
694,7,Basia,Gounel
695,27,Nadine,Bettenson
696,23,Giffie,Feasley
697,6,Christoforo,Shoulders
698,28,Jacobo,Splevins
699,20,Marietta,Tucknutt
700,30,Aldridge,Charville
701,15,Emiline,Haithwaite
702,19,Anatol,Fairham
703,6,Georgianne,Clew
704,18,Milly,Matuszak
705,2,Corri,Locker
706,18,Der,Bensen
707,7,Garrek,Lutton
708,8,Ryann,Aspell
709,24,Carine,Flaonier
710,23,Burnaby,Brugh
711,23,Gavin,Castelin
712,2,Dieter,Elphick
713,27,Laurice,Blague
714,16,Dasie,Durtnell
715,19,Tamra,Mannion
716,9,Malvina,Brogiotti
717,24,Derrick,Sadlier
718,22,Joey,Ianelli
719,2,Kristopher,Corrado
720,26,Gerrie,Bottleson
721,11,Erena,Whelpdale
722,4,Judi,Glason
723,11,Etta,Stainland
724,1,Carol-jean,Vitler
725,7,Christyna,Bernier
726,3,Tallulah,Crowest
727,6,Walden,Elmhirst
728,22,Michel,Bettis
729,4,Carola,Dugget
730,16,Edita,Halsey
731,11,Waly,Woolager
732,12,Mickie,Greedy
733,24,Aurilia,Nucci
734,26,Gaelan,Bradder
735,8,Brion,Dubose
736,8,Dionis,Culter
737,20,Corabelle,Pritchard
738,5,Farley,Waylen
739,8,Joni,Schout
740,9,Fayina,Climo
741,26,Georgeta,Luesley
742,11,Ansell,Gabel
743,21,Arne,Ruppelin
744,5,Evey,Busby
745,21,Chrisse,Sowray
746,13,Malva,Crichton
747,2,Alie,De Cruze
748,17,Jard,Burgin
749,16,Amy,Marginson
750,6,Hilton,MacCarter
751,19,Lyndsay,North
752,25,Arleyne,Mapham
753,4,Peterus,Roby
754,6,Patric,Balser
755,14,Haroun,Chopin
756,23,Jess,Cumes
757,21,Elisabetta,Crawley
758,5,Xever,Randerson
759,10,Mikael,Slowley
760,10,Gillie,Bolle
761,11,Urban,Guidera
762,8,Luisa,Rizzardini
763,2,Floria,Greatrex
764,13,Portie,MacDearmont
765,27,Alard,Simmon
766,26,Hope,Christophle
767,13,Pacorro,Rapin
768,27,Kaitlin,Toombes
769,10,Pauli,Trotton
770,30,Theressa,Fliege
771,14,Dorian,Moses
772,21,Ferdinande,Lusher
773,25,Stanfield,Cowton
774,1,Delores,Rolf
775,25,Dur,Shynn
776,13,Wendie,Earpe
777,2,Northrop,Overy
778,18,Berty,Bedome
779,21,Joanna,Christopherson
780,20,Grenville,Howchin
781,7,Horst,Durrans
782,10,Randi,Sperwell
783,11,Buffy,Souster
784,9,Raimund,Barthropp
785,28,Bourke,O'Drought
786,24,Pacorro,Tallboy
787,19,Mattie,Coole
788,22,Julian,Petrazzi
789,13,Bobby,Toulmin
790,26,Kris,Varran
791,21,Bryce,Spira
792,4,Oona,Chaloner
793,27,Norry,Blunden
794,1,Averyl,Kinvig
795,19,Philomena,Spon
796,12,Novelia,Veillard
797,2,Afton,Buxam
798,29,Franzen,Jehan
799,22,Charlena,Tolworth
800,25,Helaina,Petherick
801,8,Zabrina,Orknay
802,18,Karla,Saltrese
803,29,Clark,Sammon
804,13,Berkly,Alsopp
805,23,Joelly,Peacop
806,20,Kennan,Footitt
807,7,Lionello,Dunley
808,2,Sutton,Camier
809,18,Minny,Hawkings
810,12,Elvina,Walklot
811,28,Peggy,Watkin
812,2,Cordey,Paynes
813,9,Shanie,Dibden
814,19,Feodora,Esberger
815,15,Oralia,Royden
816,20,Eddy,Zum Felde
817,12,Jeniece,Wadhams
818,7,Marietta,Widdall
819,30,Maryjane,Eake
820,12,Alastair,Longridge
821,11,Bertha,Gemlbett
822,4,Emmalee,Salzberg
823,11,Jereme,Lindwasser
824,9,Filide,Bartosek
825,30,Janina,Hosier
826,19,Micaela,Renac
827,13,Mauricio,Guillford
828,30,Noah,Grigoli
829,22,Mylo,Battelle
830,9,Riordan,Colleford
831,9,Melessa,Blackman
832,26,Ursola,Russan
833,10,Waverley,Golightly
834,18,Tara,Holtum
835,13,Alethea,Grzegorek
836,16,Shurlocke,Rowlin
837,5,Catherine,Stockoe
838,22,Kordula,Courtois
839,1,Salvador,Chastang
840,4,Ulysses,Crocombe
841,3,Emmey,Ledster
842,10,Silva,Michelet
843,1,Maryann,Boas
844,15,Syd,Cousans
845,9,Delaney,Monro
846,28,Garek,Daniello
847,8,Valentine,Gibben
848,9,Bernadene,Spoole
849,30,Zita,Marten
850,22,Meryl,Gatteridge
851,23,Petronilla,Simms
852,12,Heinrik,Pashler
853,17,Nefen,Menendes
854,11,Anthia,Mowsdill
855,19,Sven,Leblanc
856,4,Elwood,Greenleaf
857,17,Jeniffer,Cauley
858,9,Mureil,Bineham
859,16,Lezley,Cuvley
860,12,Regan,Narbett
861,9,Rodolfo,Vergine
862,16,Kally,Burle
863,10,Chandler,Buxton
864,29,Ailsun,Lumb
865,17,Miof mela,Downey
866,25,Sid,Lawrenz
867,1,Trever,Janca
868,15,Kristal,Paroni
869,4,Viola,Ribey
870,30,Ogdon,Pershouse
871,30,Steven,Vauls
872,26,Babs,Sowman
873,19,Sutherlan,Parker
874,13,Judah,Dugmore
875,20,Dina,Arblaster
876,15,Christabella,Dowgill
877,13,Angil,McConville
878,10,Leonhard,Gwyer
879,4,Cherey,Wigg
880,13,Justen,Arnoldi
881,20,Cele,Rieme
882,3,Stephanie,Jordon
883,14,Barton,Flintoft
884,8,Rae,Varney
885,29,Derry,Fonquernie
886,12,Hastings,Elmes
887,9,Wadsworth,Dundon
888,14,Milissent,Pipkin
889,16,Trudy,Robichon
890,14,Ardyce,Patise
891,1,Gay,Marlor
892,25,Uriah,Dadley
893,18,Pauly,Dozdill
894,13,Marlow,Haddleston
895,18,Guthrie,Gaymar
896,10,Glyn,Beentjes
897,26,Lazar,Dunbobbin
898,25,Giffy,Larn
899,9,Shelba,Ithell
900,21,Delinda,Gainor
901,30,Jemmie,Hawe
902,16,Rosalie,Phythean
903,23,Claiborn,Philliskirk
904,28,Reidar,Ryhorovich
905,20,Evita,Strickler
906,27,Violante,Hatchman
907,15,Silva,Berthon
908,16,Eliot,Edrich
909,7,Antons,Menezes
910,27,Emory,Swiffan
911,6,Kerri,Spencers
912,16,Clea,Alcoran
913,28,Alexander,Bartholat
914,14,Pete,Kirkhouse
915,19,Whitney,Handover
916,25,Johny,Tidd
917,30,Agatha,Rosenblatt
918,20,Bonny,Gerault
919,30,Christean,Fanshaw
920,2,Claude,Monard
921,14,Karlan,Ings
922,18,Janetta,Moubray
923,25,Livy,Goggin
924,24,Innis,Skippon
925,11,Rhody,Lewzey
926,2,Tremaine,Orrett
927,14,Deanne,Starcks
928,3,Demetra,Casine
929,22,Inesita,Gullane
930,13,Lucia,Liddiatt
931,5,Darbee,Hauxwell
932,24,Bjorn,Spuner
933,1,Isabelita,Pitrollo
934,28,Antonie,Hullett
935,26,Myrvyn,Applebee
936,16,Fax,Von Salzberg
937,26,Tades,Blees
938,6,Lorene,Tripney
939,1,Dyann,Reichardt
940,16,Odell,Busain
941,26,Jannelle,Bettley
942,29,Benedicto,Askew
943,5,Lukas,Kelby
944,15,Trenton,Ellett
945,6,Gwendolin,Peare
946,20,Ric,Barsam
947,28,Phyllida,McCobb
948,18,Nonie,Wolseley
949,16,Elisabetta,Marquiss
950,24,Floyd,Eblein
951,3,Nelle,Minget
952,29,Cynthea,Rainforth
953,22,Yolande,Cray
954,2,Jessey,Swinglehurst
955,5,Ashleigh,Clemson
956,20,Coriss,Woodworth
957,1,Julianne,Vipan
958,27,Rafael,Stanesby
959,23,Jemie,Emanuelli
960,4,Godfree,Legate
961,24,Griselda,Tindall
962,1,Ashli,Sizeland
963,3,Maryanna,McDuffie
964,21,Randi,Dallywater
965,29,Kassandra,Fahy
966,16,Bernardo,Pottle
967,19,Norine,McCrae
968,2,Octavius,Surgood
969,6,Clemmy,Preddle
970,29,Hortensia,Plain
971,17,Alysia,Elacoate
972,30,Daloris,Pluthero
973,4,Alfreda,Madre
974,12,Windham,Kippie
975,29,Gisele,Bastock
976,1,Cart,Cust
977,5,Rich,Maciocia
978,8,Rasia,MacSkeaghan
979,12,Gerhardine,Pabel
980,29,Daphne,Sketchley
981,3,Bradly,Fido
982,2,Lothaire,Ornells
983,26,Callida,Enga
984,20,Arabel,Howle
985,15,Charil,Abramovitch
986,5,Sibby,Lambarton
987,29,Suzy,Cawthery
988,1,Calli,Lefridge
989,15,Alonzo,Barby
990,12,Genia,Gilluley
991,12,Erroll,Tooley
992,4,Mohammed,Minshall
993,30,Vic,Bleakman
994,15,Florencia,Roostan
995,23,Malissa,Brissenden
996,30,Nikolia,Privost
997,2,Hagan,Prozescky
998,30,Shelton,Braim
999,26,Rivy,Arnell
1000,26,Samaria,Piatto
